GlobalEventID,Day,MonthYear,Year,FractionDate,Actor1Code,Actor1Name,Actor1CountryCode,Actor1KnownGroupCode,Actor1EthnicCode,Actor1Religion1Code,Actor1Religion2Code,Actor1Type1Code,Actor1Type2Code,Actor1Type3Code,Actor2Code,Actor2Name,Actor2CountryCode,Actor2KnownGroupCode,Actor2EthnicCode,Actor2Religion1Code,Actor2Religion2Code,Actor2Type1Code,Actor2Type2Code,Actor2Type3Code,IsRootEvent,EventCode,EventBaseCode,EventRootCode,QuadClass,GoldsteinScale,NumMentions,NumSources,NumArticles,AvgTone,Actor1Geo_Type,Actor1Geo_Fullname,Actor1Geo_CountryCode,Actor1Geo_ADM1Code,Actor1Geo_ADM2Code,Actor1Geo_Lat,Actor1Geo_Long,Actor1Geo_FeatureID,Actor2Geo_Type,Actor2Geo_Fullname,Actor2Geo_CountryCode,Actor2Geo_ADM1Code,Actor2Geo_ADM2Code,Actor2Geo_Lat,Actor2Geo_Long,Actor2Geo_FeatureID,ActionGeo_Type,ActionGeo_Fullname,ActionGeo_CountryCode,ActionGeo_ADM1Code,ActionGeo_ADM2Code,ActionGeo_Lat,ActionGeo_Long,ActionGeo_FeatureID,DATEADDED,SOURCEURL
1116905115,20230725,202307,2023,2023.5616,AFR,AFRICA,AFR,,,,,,,,RUS,RUSSIA,RUS,,,,,,,,0,14,14,1,1,0.0,1,1,1,-0.96491228070175,4,"Moscow, Moskva, Russia",RS,RS48,25106,55.7522,37.6156,-2960561,4,"Moscow, Moskva, Russia",RS,RS48,25106,55.7522,37.6156,-2960561,1,Burkina Faso,UV,UV,,13.0,-2.0,UV,20230725003000,https://www.sent-trib.com/2023/07/24/russia-wants-allies-so-it-is-hosting-an-africa-summit-food-security-and-wagner-are-key-questions/
1111596196,20230628,202306,2023,2023.4877,CAF,CENTRAL AFRICAN REPUBLIC,CAF,,,,,,,,,,,,,,,,,,0,10,10,1,1,0.0,4,1,4,-1.76643768400393,4,"Bangui, Bangui, Central African Republic",CT,CT18,18585,4.36667,18.5833,-1339562,0,,,,,,,,4,"Bangui, Bangui, Central African Republic",CT,CT18,18585.0,4.36667,18.5833,-1339562,20230628003000,https://www.economist.com/middle-east-and-africa/2023/06/27/what-next-for-wagners-african-empire
1111596463,20230628,202306,2023,2023.4877,CVL,ETHNIC GROUP,,,,,,CVL,,,GOV,PRESIDENT,,,,,,GOV,,,0,90,90,9,2,-2.0,5,1,5,-1.76643768400393,4,"Bangui, Bangui, Central African Republic",CT,CT18,18585,4.36667,18.5833,-1339562,4,"Bangui, Bangui, Central African Republic",CT,CT18,18585,4.36667,18.5833,-1339562,4,"Bangui, Bangui, Central African Republic",CT,CT18,18585.0,4.36667,18.5833,-1339562,20230628003000,https://www.economist.com/middle-east-and-africa/2023/06/27/what-next-for-wagners-african-empire
1111597356,20230628,202306,2023,2023.4877,UAF,FIGHTER,,,,,,UAF,,,,,,,,,,,,,0,1822,182,18,4,-9.0,10,1,10,-1.76643768400393,4,"Bangui, Bangui, Central African Republic",CT,CT18,18585,4.36667,18.5833,-1339562,0,,,,,,,,4,"Bangui, Bangui, Central African Republic",CT,CT18,18585.0,4.36667,18.5833,-1339562,20230628003000,https://www.economist.com/middle-east-and-africa/2023/06/27/what-next-for-wagners-african-empire
1117129607,20230726,202307,2023,2023.5644,AFR,AFRICA,AFR,,,,,,,,MIL,MILITARY,,,,,,MIL,,,1,51,51,5,1,3.4,1,1,1,-1.91082802547771,1,Central African Republic,CT,CT,,7.0,21.0,CT,1,United Kingdom,UK,UK,,54.0,-4.0,UK,1,Central African Republic,CT,CT,,7.0,21.0,CT,20230726003000,https://www.thetimes.co.uk/article/russia-wagner-group-uk-african-countries-british-mps-8mgzzg020
1116905121,20230725,202307,2023,2023.5616,AFR,AFRICA,AFR,,,,,,,,RUS,RUSSIA,RUS,,,,,,,,0,51,51,5,1,3.4,2,1,2,-0.96491228070175,1,Ethiopia,ET,ET,,8.0,38.0,ET,1,Nigeria,NI,NI,,10.0,8.0,NI,1,Congo,CF,CF,,-1.0,15.0,CF,20230725003000,https://www.sent-trib.com/2023/07/24/russia-wants-allies-so-it-is-hosting-an-africa-summit-food-security-and-wagner-are-key-questions/
1106770717,20230605,202306,2023,2023.4247,,,,,,,,,,,EGY,EGYPT,EGY,,,,,,,,1,36,36,3,1,4.0,7,1,7,-2.77777777777778,0,,,,,,,,4,"Sharara, Al Minya, Egypt",EG,EG10,65866,27.9667,30.85,-302034,4,"Sharara, Al Minya, Egypt",EG,EG10,65866.0,27.9667,30.85,-302034,20230605003000,https://www.jacksonprogress-argus.com/news/world_nation/putin-gains-influence-in-oil-rich-libya-as-us-struggles-to-oust-wagner-group/article_01c4a876-87b6-554a-a7fc-938fd793853e.html
1106771142,20230605,202306,2023,2023.4247,EGY,EGYPT,EGY,,,,,,,,,,,,,,,,,,1,36,36,3,1,4.0,1,1,1,-2.77777777777778,4,"Sharara, Al Minya, Egypt",EG,EG10,65866,27.9667,30.85,-302034,0,,,,,,,,4,"Sharara, Al Minya, Egypt",EG,EG10,65866.0,27.9667,30.85,-302034,20230605003000,https://www.jacksonprogress-argus.com/news/world_nation/putin-gains-influence-in-oil-rich-libya-as-us-struggles-to-oust-wagner-group/article_01c4a876-87b6-554a-a7fc-938fd793853e.html
1106771384,20230605,202306,2023,2023.4247,LBY,LIBYA,LBY,,,,,,,,EGY,EGYPT,EGY,,,,,,,,1,36,36,3,1,4.0,1,1,1,-2.77777777777778,4,"Tripoli, Tarabulus, Libya",LY,LY61,19101,32.8925,13.18,-3178767,4,"Sharara, Al Minya, Egypt",EG,EG10,65866,27.9667,30.85,-302034,4,"Sharara, Al Minya, Egypt",EG,EG10,65866.0,27.9667,30.85,-302034,20230605003000,https://www.jacksonprogress-argus.com/news/world_nation/putin-gains-influence-in-oil-rich-libya-as-us-struggles-to-oust-wagner-group/article_01c4a876-87b6-554a-a7fc-938fd793853e.html
1106771144,20230605,202306,2023,2023.4247,EGY,EGYPT,EGY,,,,,,,,LBY,LIBYA,LBY,,,,,,,,1,36,36,3,1,4.0,2,1,2,-2.77777777777778,4,"Tripoli, Tarabulus, Libya",LY,LY61,19101,32.8925,13.18,-3178767,4,"Tripoli, Tarabulus, Libya",LY,LY61,19101,32.8925,13.18,-3178767,4,"Tripoli, Tarabulus, Libya",LY,LY61,19101.0,32.8925,13.18,-3178767,20230605003000,https://www.jacksonprogress-argus.com/news/world_nation/putin-gains-influence-in-oil-rich-libya-as-us-struggles-to-oust-wagner-group/article_01c4a876-87b6-554a-a7fc-938fd793853e.html
1106771145,20230605,202306,2023,2023.4247,EGY,EGYPT,EGY,,,,,,,,LBY,LIBYA,LBY,,,,,,,,1,51,51,5,1,3.4,1,1,1,-2.77777777777778,4,"Sharara, Al Minya, Egypt",EG,EG10,65866,27.9667,30.85,-302034,4,"Tripoli, Tarabulus, Libya",LY,LY61,19101,32.8925,13.18,-3178767,4,"Tripoli, Tarabulus, Libya",LY,LY61,19101.0,32.8925,13.18,-3178767,20230605003000,https://www.jacksonprogress-argus.com/news/world_nation/putin-gains-influence-in-oil-rich-libya-as-us-struggles-to-oust-wagner-group/article_01c4a876-87b6-554a-a7fc-938fd793853e.html
1106771382,20230605,202306,2023,2023.4247,LBY,LIBYA,LBY,,,,,,,,,,,,,,,,,,0,51,51,5,1,3.4,4,1,4,-2.77777777777778,4,"Tripoli, Tarabulus, Libya",LY,LY61,19101,32.8925,13.18,-3178767,0,,,,,,,,4,"Tripoli, Tarabulus, Libya",LY,LY61,19101.0,32.8925,13.18,-3178767,20230605003000,https://www.jacksonprogress-argus.com/news/world_nation/putin-gains-influence-in-oil-rich-libya-as-us-struggles-to-oust-wagner-group/article_01c4a876-87b6-554a-a7fc-938fd793853e.html
1106771383,20230605,202306,2023,2023.4247,LBY,LIBYA,LBY,,,,,,,,,,,,,,,,,,0,180,180,18,4,-9.0,3,1,3,-2.77777777777778,4,"Tripoli, Tarabulus, Libya",LY,LY61,19101,32.8925,13.18,-3178767,0,,,,,,,,4,"Tripoli, Tarabulus, Libya",LY,LY61,19101.0,32.8925,13.18,-3178767,20230605003000,https://www.jacksonprogress-argus.com/news/world_nation/putin-gains-influence-in-oil-rich-libya-as-us-struggles-to-oust-wagner-group/article_01c4a876-87b6-554a-a7fc-938fd793853e.html
1106771385,20230605,202306,2023,2023.4247,LBY,LIBYA,LBY,,,,,,,,MILMIL,MILITARY,,,,,,MIL,MIL,,1,20,20,2,1,3.0,1,1,1,-2.77777777777778,4,"Tripoli, Tarabulus, Libya",LY,LY61,19101,32.8925,13.18,-3178767,4,"Tripoli, Tarabulus, Libya",LY,LY61,19101,32.8925,13.18,-3178767,4,"Tripoli, Tarabulus, Libya",LY,LY61,19101.0,32.8925,13.18,-3178767,20230605003000,https://www.jacksonprogress-argus.com/news/world_nation/putin-gains-influence-in-oil-rich-libya-as-us-struggles-to-oust-wagner-group/article_01c4a876-87b6-554a-a7fc-938fd793853e.html
1106771386,20230605,202306,2023,2023.4247,LBY,LIBYA,LBY,,,,,,,,MILMIL,MILITARY,,,,,,MIL,MIL,,1,20,20,2,1,3.0,1,1,1,-2.77777777777778,1,Ukraine,UP,UP,,49.0,32.0,UP,4,"Tripoli, Tarabulus, Libya",LY,LY61,19101,32.8925,13.18,-3178767,4,"Tripoli, Tarabulus, Libya",LY,LY61,19101.0,32.8925,13.18,-3178767,20230605003000,https://www.jacksonprogress-argus.com/news/world_nation/putin-gains-influence-in-oil-rich-libya-as-us-struggles-to-oust-wagner-group/article_01c4a876-87b6-554a-a7fc-938fd793853e.html
1106771387,20230605,202306,2023,2023.4247,LBY,LIBYA,LBY,,,,,,,,MOS,ISLAM,,,,MOS,,,,,0,180,180,18,4,-9.0,1,1,1,-2.77777777777778,4,"Tripoli, Tarabulus, Libya",LY,LY61,19101,32.8925,13.18,-3178767,4,"Tripoli, Tarabulus, Libya",LY,LY61,19101,32.8925,13.18,-3178767,4,"Tripoli, Tarabulus, Libya",LY,LY61,19101.0,32.8925,13.18,-3178767,20230605003000,https://www.jacksonprogress-argus.com/news/world_nation/putin-gains-influence-in-oil-rich-libya-as-us-struggles-to-oust-wagner-group/article_01c4a876-87b6-554a-a7fc-938fd793853e.html
1106771547,20230605,202306,2023,2023.4247,RUS,MOSCOW,RUS,,,,,,,,MILMIL,MILITARY,,,,,,MIL,MIL,,1,51,51,5,1,3.4,1,1,1,-2.77777777777778,1,Ukraine,UP,UP,,49.0,32.0,UP,4,"Tripoli, Tarabulus, Libya",LY,LY61,19101,32.8925,13.18,-3178767,4,"Tripoli, Tarabulus, Libya",LY,LY61,19101.0,32.8925,13.18,-3178767,20230605003000,https://www.jacksonprogress-argus.com/news/world_nation/putin-gains-influence-in-oil-rich-libya-as-us-struggles-to-oust-wagner-group/article_01c4a876-87b6-554a-a7fc-938fd793853e.html
1127707429,20230919,202309,2023,2023.7096,CAF,CENTRAL AFRICAN REPUBLIC,CAF,,,,,,,,USAMED,WALL STREET JOURNAL,USA,,,,,MED,,,0,43,43,4,1,2.8,6,1,6,-4.82866043613707,1,Central African Republic,CT,CT,,7.0,21.0,CT,4,"Kremlin, Moskva, Russia",RS,RS48,25106,55.7522,37.6156,-2960561,1,Libya,LY,LY,,25.0,17.0,LY,20230919003000,https://themedialine.org/news/future-of-paramilitary-wagner-group-unclear-after-leaders-death/
1127707430,20230919,202309,2023,2023.7096,CAF,CENTRAL AFRICAN REPUBLIC,CAF,,,,,,,,USAMED,WALL STREET JOURNAL,USA,,,,,MED,,,0,43,43,4,1,2.8,2,1,2,-4.82866043613707,1,Sudan,SU,SU,,16.0,30.0,SU,4,"Kremlin, Moskva, Russia",RS,RS48,25106,55.7522,37.6156,-2960561,1,Libya,LY,LY,,25.0,17.0,LY,20230919003000,https://themedialine.org/news/future-of-paramilitary-wagner-group-unclear-after-leaders-death/
1127708372,20230919,202309,2023,2023.7096,LBY,LIBYA,LBY,,,,,,,,,,,,,,,,,,0,154,154,15,4,-7.2,1,1,1,-4.82866043613707,1,Libya,LY,LY,,25.0,17.0,LY,0,,,,,,,,1,Libya,LY,LY,,25.0,17.0,LY,20230919003000,https://themedialine.org/news/future-of-paramilitary-wagner-group-unclear-after-leaders-death/
1127708379,20230919,202309,2023,2023.7096,LBY,LIBYA,LBY,,,,,,,,MIL,ARMY,,,,,,MIL,,,0,154,154,15,4,-7.2,1,1,1,-4.82866043613707,1,Libya,LY,LY,,25.0,17.0,LY,4,"Kremlin, Moskva, Russia",RS,RS48,25106,55.7522,37.6156,-2960561,1,Libya,LY,LY,,25.0,17.0,LY,20230919003000,https://themedialine.org/news/future-of-paramilitary-wagner-group-unclear-after-leaders-death/
1127708380,20230919,202309,2023,2023.7096,LBY,LIBYA,LBY,,,,,,,,MIL,ARMY,,,,,,MIL,,,0,154,154,15,4,-7.2,6,1,6,-4.82866043613707,1,Libya,LY,LY,,25.0,17.0,LY,1,Libya,LY,LY,,25.0,17.0,LY,1,Libya,LY,LY,,25.0,17.0,LY,20230919003000,https://themedialine.org/news/future-of-paramilitary-wagner-group-unclear-after-leaders-death/
1127708383,20230919,202309,2023,2023.7096,LBY,LIBYA,LBY,,,,,,,,USAMED,WALL STREET JOURNAL,USA,,,,,MED,,,0,43,43,4,1,2.8,8,1,8,-4.82866043613707,1,Libya,LY,LY,,25.0,17.0,LY,4,"Kremlin, Moskva, Russia",RS,RS48,25106,55.7522,37.6156,-2960561,1,Libya,LY,LY,,25.0,17.0,LY,20230919003000,https://themedialine.org/news/future-of-paramilitary-wagner-group-unclear-after-leaders-death/
1127708518,20230919,202309,2023,2023.7096,MIL,COMMANDER,,,,,,MIL,,,RUS,RUSSIA,RUS,,,,,,,,0,40,40,4,1,1.0,2,1,2,-4.82866043613707,1,Sudan,SU,SU,,16.0,30.0,SU,4,"Kremlin, Moskva, Russia",RS,RS48,25106,55.7522,37.6156,-2960561,1,Libya,LY,LY,,25.0,17.0,LY,20230919003000,https://themedialine.org/news/future-of-paramilitary-wagner-group-unclear-after-leaders-death/
1127708770,20230919,202309,2023,2023.7096,RUS,RUSSIA,RUS,,,,,,,,MIL,COMMANDER,,,,,,MIL,,,0,40,40,4,1,1.0,2,1,2,-4.82866043613707,4,"Kremlin, Moskva, Russia",RS,RS48,25106,55.7522,37.6156,-2960561,1,Sudan,SU,SU,,16.0,30.0,SU,1,Libya,LY,LY,,25.0,17.0,LY,20230919003000,https://themedialine.org/news/future-of-paramilitary-wagner-group-unclear-after-leaders-death/
1127708817,20230919,202309,2023,2023.7096,SDN,SUDAN,SDN,,,,,,,,USAMED,WALL STREET JOURNAL,USA,,,,,MED,,,0,43,43,4,1,2.8,2,1,2,-4.82866043613707,1,Libya,LY,LY,,25.0,17.0,LY,4,"Kremlin, Moskva, Russia",RS,RS48,25106,55.7522,37.6156,-2960561,1,Libya,LY,LY,,25.0,17.0,LY,20230919003000,https://themedialine.org/news/future-of-paramilitary-wagner-group-unclear-after-leaders-death/
1127708818,20230919,202309,2023,2023.7096,SDN,SUDAN,SDN,,,,,,,,USAMED,WALL STREET JOURNAL,USA,,,,,MED,,,0,43,43,4,1,2.8,6,1,6,-4.82866043613707,1,Sudan,SU,SU,,16.0,30.0,SU,4,"Kremlin, Moskva, Russia",RS,RS48,25106,55.7522,37.6156,-2960561,1,Libya,LY,LY,,25.0,17.0,LY,20230919003000,https://themedialine.org/news/future-of-paramilitary-wagner-group-unclear-after-leaders-death/
1127709510,20230919,202309,2023,2023.7096,USAMED,WALL STREET JOURNAL,USA,,,,,MED,,,CAF,CENTRAL AFRICAN REPUBLIC,CAF,,,,,,,,0,42,42,4,1,1.9,6,1,6,-4.82866043613707,4,"Kremlin, Moskva, Russia",RS,RS48,25106,55.7522,37.6156,-2960561,1,Central African Republic,CT,CT,,7.0,21.0,CT,1,Libya,LY,LY,,25.0,17.0,LY,20230919003000,https://themedialine.org/news/future-of-paramilitary-wagner-group-unclear-after-leaders-death/
1127709511,20230919,202309,2023,2023.7096,USAMED,WALL STREET JOURNAL,USA,,,,,MED,,,CAF,CENTRAL AFRICAN REPUBLIC,CAF,,,,,,,,0,42,42,4,1,1.9,2,1,2,-4.82866043613707,4,"Kremlin, Moskva, Russia",RS,RS48,25106,55.7522,37.6156,-2960561,1,Sudan,SU,SU,,16.0,30.0,SU,1,Libya,LY,LY,,25.0,17.0,LY,20230919003000,https://themedialine.org/news/future-of-paramilitary-wagner-group-unclear-after-leaders-death/
1127709514,20230919,202309,2023,2023.7096,USAMED,WALL STREET JOURNAL,USA,,,,,MED,,,LBY,LIBYA,LBY,,,,,,,,0,42,42,4,1,1.9,8,1,8,-4.82866043613707,4,"Kremlin, Moskva, Russia",RS,RS48,25106,55.7522,37.6156,-2960561,1,Libya,LY,LY,,25.0,17.0,LY,1,Libya,LY,LY,,25.0,17.0,LY,20230919003000,https://themedialine.org/news/future-of-paramilitary-wagner-group-unclear-after-leaders-death/
1127709517,20230919,202309,2023,2023.7096,USAMED,WALL STREET JOURNAL,USA,,,,,MED,,,SDN,SUDAN,SDN,,,,,,,,0,42,42,4,1,1.9,2,1,2,-4.82866043613707,4,"Kremlin, Moskva, Russia",RS,RS48,25106,55.7522,37.6156,-2960561,1,Libya,LY,LY,,25.0,17.0,LY,1,Libya,LY,LY,,25.0,17.0,LY,20230919003000,https://themedialine.org/news/future-of-paramilitary-wagner-group-unclear-after-leaders-death/
1127709518,20230919,202309,2023,2023.7096,USAMED,WALL STREET JOURNAL,USA,,,,,MED,,,SDN,SUDAN,SDN,,,,,,,,0,42,42,4,1,1.9,6,1,6,-4.82866043613707,4,"Kremlin, Moskva, Russia",RS,RS48,25106,55.7522,37.6156,-2960561,1,Sudan,SU,SU,,16.0,30.0,SU,1,Libya,LY,LY,,25.0,17.0,LY,20230919003000,https://themedialine.org/news/future-of-paramilitary-wagner-group-unclear-after-leaders-death/
1104831587,20230526,202305,2023,2023.4,,,,,,,,,,,MLI,MALI,MLI,,,,,,,,0,163,163,16,4,-8.0,6,1,6,-2.7122641509434,0,,,,,,,,1,Mali,ML,ML,,17.0,-4.0,ML,1,Mali,ML,ML,,17.0,-4.0,ML,20230526003000,https://www.msn.com/he-il/news/other/wrapup-3-russian-wagner-mercenaries-handing-bakhmut-to-regular-army/ar-AA1bHygW
1104833377,20230526,202305,2023,2023.4,UKR,UKRAINIAN,UKR,,,,,,,,GOVMILCOP,DEFENCE MINIST,,,,,,GOV,MIL,COP,0,80,80,8,2,5.0,2,1,2,-2.7122641509434,4,"Kyiv, Kyyiv, Misto, Ukraine",UP,UP12,28554,50.4333,30.5167,-1044367,4,"Kyiv, Kyyiv, Misto, Ukraine",UP,UP12,28554,50.4333,30.5167,-1044367,1,Mali,ML,ML,,17.0,-4.0,ML,20230526003000,https://www.msn.com/he-il/news/other/wrapup-3-russian-wagner-mercenaries-handing-bakhmut-to-regular-army/ar-AA1bHygW
1104833394,20230526,202305,2023,2023.4,UKRCOP,UKRAINIAN,UKR,,,,,COP,,,GOVMILCOP,DEFENCE MINIST,,,,,,GOV,MIL,COP,0,80,80,8,2,5.0,6,1,6,-2.7122641509434,4,"Kyiv, Kyyiv, Misto, Ukraine",UP,UP12,28554,50.4333,30.5167,-1044367,4,"Kyiv, Kyyiv, Misto, Ukraine",UP,UP12,28554,50.4333,30.5167,-1044367,1,Mali,ML,ML,,17.0,-4.0,ML,20230526003000,https://www.msn.com/he-il/news/other/wrapup-3-russian-wagner-mercenaries-handing-bakhmut-to-regular-army/ar-AA1bHygW
1111372167,20230627,202306,2023,2023.4849,MLIMIL,MALIAN,MLI,,,,,MIL,,,CVL,CIVILIAN,,,,,,CVL,,,1,190,190,19,4,-10.0,3,1,3,-6.65983606557377,1,Mali,ML,ML,,17.0,-4.0,ML,1,Mali,ML,ML,,17.0,-4.0,ML,1,Mali,ML,ML,,17.0,-4.0,ML,20230627003000,https://www.eurasiareview.com/27062023-cause-for-celebration-in-states-that-suffered-wagners-brutality-oped/
1111597122,20230628,202306,2023,2023.4877,MILGOV,MILITARY LED,,,,,,MIL,GOV,,,,,,,,,,,,0,10,10,1,1,0.0,8,1,8,-1.76643768400393,1,Mali,ML,ML,,17.0,-4.0,ML,0,,,,,,,,1,Mali,ML,ML,,17.0,-4.0,ML,20230628003000,https://www.economist.com/middle-east-and-africa/2023/06/27/what-next-for-wagners-african-empire
1111597124,20230628,202306,2023,2023.4877,MLI,MALI,MLI,,,,,,,,,,,,,,,,,,0,20,20,2,1,3.0,8,1,8,-1.76643768400393,1,Mali,ML,ML,,17.0,-4.0,ML,0,,,,,,,,1,Mali,ML,ML,,17.0,-4.0,ML,20230628003000,https://www.economist.com/middle-east-and-africa/2023/06/27/what-next-for-wagners-african-empire
1116906344,20230725,202307,2023,2023.5616,MLI,MALI,MLI,,,,,,,,RUS,RUSSIA,RUS,,,,,,,,1,42,42,4,1,1.9,1,1,1,-3.07692307692308,1,Mali,ML,ML,,17.0,-4.0,ML,1,Mali,ML,ML,,17.0,-4.0,ML,1,Mali,ML,ML,,17.0,-4.0,ML,20230725003000,https://www.foxbusiness.com/politics/us-treasury-sanctions-malis-defense-minister-other-officials-over-links-russian-mercenary-group-wagner
1116906345,20230725,202307,2023,2023.5616,MLI,MALI,MLI,,,,,,,,RUS,RUSSIA,RUS,,,,,,,,1,42,42,4,1,1.9,1,1,1,-3.07692307692308,1,Mali,ML,ML,,17.0,-4.0,ML,1,Russia,RS,RS,,60.0,100.0,RS,1,Mali,ML,ML,,17.0,-4.0,ML,20230725003000,https://www.foxbusiness.com/politics/us-treasury-sanctions-malis-defense-minister-other-officials-over-links-russian-mercenary-group-wagner
1116906560,20230725,202307,2023,2023.5616,RUS,RUSSIA,RUS,,,,,,,,MLI,MALI,MLI,,,,,,,,1,43,43,4,1,2.8,1,1,1,-3.07692307692308,1,Mali,ML,ML,,17.0,-4.0,ML,1,Mali,ML,ML,,17.0,-4.0,ML,1,Mali,ML,ML,,17.0,-4.0,ML,20230725003000,https://www.foxbusiness.com/politics/us-treasury-sanctions-malis-defense-minister-other-officials-over-links-russian-mercenary-group-wagner
1116906561,20230725,202307,2023,2023.5616,RUS,RUSSIA,RUS,,,,,,,,MLI,MALI,MLI,,,,,,,,1,43,43,4,1,2.8,1,1,1,-3.07692307692308,1,Russia,RS,RS,,60.0,100.0,RS,1,Mali,ML,ML,,17.0,-4.0,ML,1,Mali,ML,ML,,17.0,-4.0,ML,20230725003000,https://www.foxbusiness.com/politics/us-treasury-sanctions-malis-defense-minister-other-officials-over-links-russian-mercenary-group-wagner
1119262664,20230806,202308,2023,2023.5918,MLI,MALIAN,MLI,,,,,,,,FRAGOV,FRANCE,FRA,,,,,GOV,,,1,26,26,2,1,4.0,1,1,1,-3.44827586206897,1,Mali,ML,ML,,17.0,-4.0,ML,4,"Paris, France (general), France",FR,FR00,16282,48.8667,2.33333,-1456928,1,Mali,ML,ML,,17.0,-4.0,ML,20230806003000,https://www.santafenewmexican.com/ap/international/niger-s-junta-asks-for-help-from-russian-group-wagner-as-it-faces-military-intervention/article_a1ea4dba-1dfa-5632-8c74-0eb94ab194ce.html
1119262665,20230806,202308,2023,2023.5918,MLI,MALIAN,MLI,,,,,,,,FRAGOV,FRANCE,FRA,,,,,GOV,,,1,26,26,2,1,4.0,1,1,1,-3.44827586206897,1,Mali,ML,ML,,17.0,-4.0,ML,1,Mali,ML,ML,,17.0,-4.0,ML,1,Mali,ML,ML,,17.0,-4.0,ML,20230806003000,https://www.santafenewmexican.com/ap/international/niger-s-junta-asks-for-help-from-russian-group-wagner-as-it-faces-military-intervention/article_a1ea4dba-1dfa-5632-8c74-0eb94ab194ce.html
1120557542,20230813,202308,2023,2023.611,,,,,,,,,,,MLI,MALIAN,MLI,,,,,,,,1,190,190,19,4,-10.0,2,1,2,-4.1044776119403,0,,,,,,,,4,"Bamako, Bamako, Mali",ML,ML01,81878,12.65,-8.0,-1064708,4,"Bamako, Bamako, Mali",ML,ML01,81878.0,12.65,-8.0,-1064708,20230813003000,https://www.citizen.co.za/news/news-world/news-africa/tuareg-ex-rebels-say-forces-attacked-by-mali-army-wagner/
1120557543,20230813,202308,2023,2023.611,,,,,,,,,,,MLIMIL,MALIAN,MLI,,,,,MIL,,,1,190,190,19,4,-10.0,6,1,6,-4.1044776119403,0,,,,,,,,4,"Bamako, Bamako, Mali",ML,ML01,81878,12.65,-8.0,-1064708,4,"Bamako, Bamako, Mali",ML,ML01,81878.0,12.65,-8.0,-1064708,20230813003000,https://www.citizen.co.za/news/news-world/news-africa/tuareg-ex-rebels-say-forces-attacked-by-mali-army-wagner/
1120558065,20230813,202308,2023,2023.611,MLI,MALIAN,MLI,,,,,,,,,,,,,,,,,,1,190,190,19,4,-10.0,2,1,2,-4.1044776119403,4,"Bamako, Bamako, Mali",ML,ML01,81878,12.65,-8.0,-1064708,0,,,,,,,,4,"Bamako, Bamako, Mali",ML,ML01,81878.0,12.65,-8.0,-1064708,20230813003000,https://www.citizen.co.za/news/news-world/news-africa/tuareg-ex-rebels-say-forces-attacked-by-mali-army-wagner/
1120558066,20230813,202308,2023,2023.611,MLI,MALI,MLI,,,,,,,,MLIMIL,MALI,MLI,,,,,MIL,,,1,190,190,19,4,-10.0,12,1,10,-4.1044776119403,4,"Bamako, Bamako, Mali",ML,ML01,81878,12.65,-8.0,-1064708,4,"Bamako, Bamako, Mali",ML,ML01,81878,12.65,-8.0,-1064708,4,"Bamako, Bamako, Mali",ML,ML01,81878.0,12.65,-8.0,-1064708,20230813003000,https://www.citizen.co.za/news/news-world/news-africa/tuareg-ex-rebels-say-forces-attacked-by-mali-army-wagner/
1120558067,20230813,202308,2023,2023.611,MLI,MALI,MLI,,,,,,,,UAF,TERRORIST,,,,,,UAF,,,1,112,112,11,3,-2.0,5,1,5,-4.1044776119403,4,"Bamako, Bamako, Mali",ML,ML01,81878,12.65,-8.0,-1064708,4,"Bamako, Bamako, Mali",ML,ML01,81878,12.65,-8.0,-1064708,4,"Bamako, Bamako, Mali",ML,ML01,81878.0,12.65,-8.0,-1064708,20230813003000,https://www.citizen.co.za/news/news-world/news-africa/tuareg-ex-rebels-say-forces-attacked-by-mali-army-wagner/
1120558068,20230813,202308,2023,2023.611,MLIMIL,MALIAN,MLI,,,,,MIL,,,,,,,,,,,,,1,190,190,19,4,-10.0,6,1,6,-4.1044776119403,4,"Bamako, Bamako, Mali",ML,ML01,81878,12.65,-8.0,-1064708,0,,,,,,,,4,"Bamako, Bamako, Mali",ML,ML01,81878.0,12.65,-8.0,-1064708,20230813003000,https://www.citizen.co.za/news/news-world/news-africa/tuareg-ex-rebels-say-forces-attacked-by-mali-army-wagner/
1120558069,20230813,202308,2023,2023.611,MLIMIL,MALI,MLI,,,,,MIL,,,MLI,MALIAN,MLI,,,,,,,,1,190,190,19,4,-10.0,2,1,2,-4.1044776119403,4,"Bamako, Bamako, Mali",ML,ML01,81878,12.65,-8.0,-1064708,4,"Bamako, Bamako, Mali",ML,ML01,81878,12.65,-8.0,-1064708,4,"Bamako, Bamako, Mali",ML,ML01,81878.0,12.65,-8.0,-1064708,20230813003000,https://www.citizen.co.za/news/news-world/news-africa/tuareg-ex-rebels-say-forces-attacked-by-mali-army-wagner/
1120558392,20230813,202308,2023,2023.611,tmh,TUAREG,,,tmh,,,,,,MLIMIL,MALI,MLI,,,,,MIL,,,1,190,190,19,4,-10.0,10,1,10,-4.1044776119403,4,"Bamako, Bamako, Mali",ML,ML01,81878,12.65,-8.0,-1064708,4,"Bamako, Bamako, Mali",ML,ML01,81878,12.65,-8.0,-1064708,4,"Bamako, Bamako, Mali",ML,ML01,81878.0,12.65,-8.0,-1064708,20230813003000,https://www.citizen.co.za/news/news-world/news-africa/tuareg-ex-rebels-say-forces-attacked-by-mali-army-wagner/
1120558393,20230813,202308,2023,2023.611,tmhELI,TUAREG,,,tmh,,,ELI,,,MIL,ARMY,,,,,,MIL,,,1,190,190,19,4,-10.0,10,1,10,-4.1044776119403,4,"Bamako, Bamako, Mali",ML,ML01,81878,12.65,-8.0,-1064708,1,Russia,RS,RS,,60.0,100.0,RS,4,"Bamako, Bamako, Mali",ML,ML01,81878.0,12.65,-8.0,-1064708,20230813003000,https://www.citizen.co.za/news/news-world/news-africa/tuareg-ex-rebels-say-forces-attacked-by-mali-army-wagner/
1120558394,20230813,202308,2023,2023.611,tmhELI,TUAREG,,,tmh,,,ELI,,,RUS,RUSSIAN,RUS,,,,,,,,1,190,190,19,4,-10.0,4,1,4,-4.1044776119403,4,"Bamako, Bamako, Mali",ML,ML01,81878,12.65,-8.0,-1064708,1,Russia,RS,RS,,60.0,100.0,RS,4,"Bamako, Bamako, Mali",ML,ML01,81878.0,12.65,-8.0,-1064708,20230813003000,https://www.citizen.co.za/news/news-world/news-africa/tuareg-ex-rebels-say-forces-attacked-by-mali-army-wagner/
1120558395,20230813,202308,2023,2023.611,tmhELI,TUAREG,,,tmh,,,ELI,,,RUSUAF,RUSSIAN,RUS,,,,,UAF,,,1,190,190,19,4,-10.0,6,1,6,-4.1044776119403,4,"Bamako, Bamako, Mali",ML,ML01,81878,12.65,-8.0,-1064708,1,Russia,RS,RS,,60.0,100.0,RS,4,"Bamako, Bamako, Mali",ML,ML01,81878.0,12.65,-8.0,-1064708,20230813003000,https://www.citizen.co.za/news/news-world/news-africa/tuareg-ex-rebels-say-forces-attacked-by-mali-army-wagner/
1121832553,20230820,202308,2023,2023.6301,FRA,FRANCE,FRA,,,,,,,,,,,,,,,,,,0,110,110,11,3,-2.0,2,1,2,-1.31004366812227,4,"Paris, France (general), France",FR,FR00,16282,48.8667,2.33333,-1456928,0,,,,,,,,1,Mali,ML,ML,,17.0,-4.0,ML,20230820003000,https://www.newyorkstatesman.com/news/273937365/niger-wont-work-with-wagner-group-pm
1121832780,20230820,202308,2023,2023.6301,LEG,REPRESENTATIVES,,,,,,LEG,,,MIL,MILITARY,,,,,,MIL,,,1,40,40,4,1,1.0,4,1,4,-1.31004366812227,1,Mali,ML,ML,,17.0,-4.0,ML,4,"Paris, France (general), France",FR,FR00,16282,48.8667,2.33333,-1456928,1,Mali,ML,ML,,17.0,-4.0,ML,20230820003000,https://www.newyorkstatesman.com/news/273937365/niger-wont-work-with-wagner-group-pm
1121832844,20230820,202308,2023,2023.6301,MIL,MILITARY,,,,,,MIL,,,LEG,REPRESENTATIVES,,,,,,LEG,,,1,40,40,4,1,1.0,4,1,4,-1.31004366812227,4,"Paris, France (general), France",FR,FR00,16282,48.8667,2.33333,-1456928,1,Mali,ML,ML,,17.0,-4.0,ML,1,Mali,ML,ML,,17.0,-4.0,ML,20230820003000,https://www.newyorkstatesman.com/news/273937365/niger-wont-work-with-wagner-group-pm
1123048178,20230826,202308,2023,2023.6466,MLI,MALI,MLI,,,,,,,,RUS,RUSSIAN,RUS,,,,,,,,0,40,40,4,1,1.0,1,1,1,-1.90796857463524,4,"Bamako, Bamako, Mali",ML,ML01,81878,12.65,-8.0,-1064708,4,"Petersburg, Sankt-Peterburg, Russia",RS,RS66,25095,59.8944,30.2642,-2996338,4,"Bamako, Bamako, Mali",ML,ML01,81878.0,12.65,-8.0,-1064708,20230826003000,https://www.adn.com/nation-world/2023/08/25/before-prigozhin-plane-crash-russia-was-preparing-for-life-after-wagner/
1123048180,20230826,202308,2023,2023.6466,MLI,MALI,MLI,,,,,,,,RUS,RUSSIAN,RUS,,,,,,,,0,125,125,12,3,-5.0,1,1,1,-1.90796857463524,4,"Bamako, Bamako, Mali",ML,ML01,81878,12.65,-8.0,-1064708,4,"Petersburg, Sankt-Peterburg, Russia",RS,RS66,25095,59.8944,30.2642,-2996338,4,"Bamako, Bamako, Mali",ML,ML01,81878.0,12.65,-8.0,-1064708,20230826003000,https://www.adn.com/nation-world/2023/08/25/before-prigozhin-plane-crash-russia-was-preparing-for-life-after-wagner/
1123048370,20230826,202308,2023,2023.6466,RUS,RUSSIA,RUS,,,,,,,,,,,,,,,,,,0,10,10,1,1,0.0,1,1,1,-1.90796857463524,4,"Petersburg, Sankt-Peterburg, Russia",RS,RS66,25095,59.8944,30.2642,-2996338,0,,,,,,,,4,"Bamako, Bamako, Mali",ML,ML01,81878.0,12.65,-8.0,-1064708,20230826003000,https://www.adn.com/nation-world/2023/08/25/before-prigozhin-plane-crash-russia-was-preparing-for-life-after-wagner/
1123048400,20230826,202308,2023,2023.6466,RUS,RUSSIAN,RUS,,,,,,,,MLI,MALI,MLI,,,,,,,,0,40,40,4,1,1.0,1,1,1,-1.90796857463524,4,"Petersburg, Sankt-Peterburg, Russia",RS,RS66,25095,59.8944,30.2642,-2996338,4,"Bamako, Bamako, Mali",ML,ML01,81878,12.65,-8.0,-1064708,4,"Bamako, Bamako, Mali",ML,ML01,81878.0,12.65,-8.0,-1064708,20230826003000,https://www.adn.com/nation-world/2023/08/25/before-prigozhin-plane-crash-russia-was-preparing-for-life-after-wagner/
1123500180,20230829,202308,2023,2023.6548,,,,,,,,,,,GOV,GOVERNMENT,,,,,,GOV,,,1,841,84,8,2,7.0,30,3,30,-3.94049362353691,0,,,,,,,,4,"Bamako, Bamako, Mali",ML,ML01,81878,12.65,-8.0,-1064708,4,"Bamako, Bamako, Mali",ML,ML01,81878.0,12.65,-8.0,-1064708,20230829003000,https://apnews.com/article/mali-un-peacekeeping-troops-withdrawal-wagner-7ca9a579f3aafc75c834da1a3bf00047
1123500615,20230829,202308,2023,2023.6548,COP,POLICE,,,,,,COP,,,GOV,SPECIAL ENVOY,,,,,,GOV,,,1,84,84,8,2,7.0,30,3,30,-3.94049362353691,4,"Tessalit, Kidal, Mali",ML,ML10,19385,20.1986,1.01139,-1075426,4,"Tessalit, Kidal, Mali",ML,ML10,19385,20.1986,1.01139,-1075426,4,"Tessalit, Kidal, Mali",ML,ML10,19385.0,20.1986,1.01139,-1075426,20230829003000,https://apnews.com/article/mali-un-peacekeeping-troops-withdrawal-wagner-7ca9a579f3aafc75c834da1a3bf00047
1123501038,20230829,202308,2023,2023.6548,GOV,AMBASSADOR,,,,,,GOV,,,MLI,MALI,MLI,,,,,,,,0,12,12,1,1,-0.4,18,3,18,-3.94049362353691,4,"Goundam, Tombouctou, Mali",ML,ML08,19417,16.4145,-3.67075,-1068391,4,"Goundam, Tombouctou, Mali",ML,ML08,19417,16.4145,-3.67075,-1068391,4,"Goundam, Tombouctou, Mali",ML,ML08,19417.0,16.4145,-3.67075,-1068391,20230829003000,https://apnews.com/article/mali-un-peacekeeping-troops-withdrawal-wagner-7ca9a579f3aafc75c834da1a3bf00047
1123501039,20230829,202308,2023,2023.6548,GOV,AMBASSADOR,,,,,,GOV,,,MLI,MALI,MLI,,,,,,,,0,12,12,1,1,-0.4,6,3,6,-3.94049362353691,4,"Goundam, Tombouctou, Mali",ML,ML08,19417,16.4145,-3.67075,-1068391,4,"Tessalit, Kidal, Mali",ML,ML10,19385,20.1986,1.01139,-1075426,4,"Goundam, Tombouctou, Mali",ML,ML08,19417.0,16.4145,-3.67075,-1068391,20230829003000,https://apnews.com/article/mali-un-peacekeeping-troops-withdrawal-wagner-7ca9a579f3aafc75c834da1a3bf00047
1123501040,20230829,202308,2023,2023.6548,GOV,AMBASSADOR,,,,,,GOV,,,MLI,MALI,MLI,,,,,,,,0,43,43,4,1,2.8,18,3,18,-3.94049362353691,4,"Goundam, Tombouctou, Mali",ML,ML08,19417,16.4145,-3.67075,-1068391,4,"Goundam, Tombouctou, Mali",ML,ML08,19417,16.4145,-3.67075,-1068391,4,"Goundam, Tombouctou, Mali",ML,ML08,19417.0,16.4145,-3.67075,-1068391,20230829003000,https://apnews.com/article/mali-un-peacekeeping-troops-withdrawal-wagner-7ca9a579f3aafc75c834da1a3bf00047
1123501041,20230829,202308,2023,2023.6548,GOV,AMBASSADOR,,,,,,GOV,,,MLI,MALI,MLI,,,,,,,,0,43,43,4,1,2.8,6,3,6,-3.94049362353691,4,"Goundam, Tombouctou, Mali",ML,ML08,19417,16.4145,-3.67075,-1068391,4,"Tessalit, Kidal, Mali",ML,ML10,19385,20.1986,1.01139,-1075426,4,"Goundam, Tombouctou, Mali",ML,ML08,19417.0,16.4145,-3.67075,-1068391,20230829003000,https://apnews.com/article/mali-un-peacekeeping-troops-withdrawal-wagner-7ca9a579f3aafc75c834da1a3bf00047
1123501427,20230829,202308,2023,2023.6548,MLI,MALI,MLI,,,,,,,,GOV,AMBASSADOR,,,,,,GOV,,,0,42,42,4,1,1.9,18,3,18,-3.94049362353691,4,"Goundam, Tombouctou, Mali",ML,ML08,19417,16.4145,-3.67075,-1068391,4,"Goundam, Tombouctou, Mali",ML,ML08,19417,16.4145,-3.67075,-1068391,4,"Goundam, Tombouctou, Mali",ML,ML08,19417.0,16.4145,-3.67075,-1068391,20230829003000,https://apnews.com/article/mali-un-peacekeeping-troops-withdrawal-wagner-7ca9a579f3aafc75c834da1a3bf00047
1123501428,20230829,202308,2023,2023.6548,MLI,MALI,MLI,,,,,,,,GOV,AMBASSADOR,,,,,,GOV,,,0,42,42,4,1,1.9,6,3,6,-3.94049362353691,4,"Tessalit, Kidal, Mali",ML,ML10,19385,20.1986,1.01139,-1075426,4,"Goundam, Tombouctou, Mali",ML,ML08,19417,16.4145,-3.67075,-1068391,4,"Goundam, Tombouctou, Mali",ML,ML08,19417.0,16.4145,-3.67075,-1068391,20230829003000,https://apnews.com/article/mali-un-peacekeeping-troops-withdrawal-wagner-7ca9a579f3aafc75c834da1a3bf00047
1123501429,20230829,202308,2023,2023.6548,MLI,MALI,MLI,,,,,,,,GOV,GOVERNMENT,,,,,,GOV,,,1,51,51,5,1,3.4,30,3,30,-3.94049362353691,4,"Bamako, Bamako, Mali",ML,ML01,81878,12.65,-8.0,-1064708,4,"Bamako, Bamako, Mali",ML,ML01,81878,12.65,-8.0,-1064708,4,"Bamako, Bamako, Mali",ML,ML01,81878.0,12.65,-8.0,-1064708,20230829003000,https://apnews.com/article/mali-un-peacekeeping-troops-withdrawal-wagner-7ca9a579f3aafc75c834da1a3bf00047
1123501430,20230829,202308,2023,2023.6548,MLI,MALI,MLI,,,,,,,,MLIGOV,MALI,MLI,,,,,GOV,,,0,42,42,4,1,1.9,6,3,6,-3.94049362353691,4,"Goundam, Tombouctou, Mali",ML,ML08,19417,16.4145,-3.67075,-1068391,4,"Goundam, Tombouctou, Mali",ML,ML08,19417,16.4145,-3.67075,-1068391,4,"Goundam, Tombouctou, Mali",ML,ML08,19417.0,16.4145,-3.67075,-1068391,20230829003000,https://apnews.com/article/mali-un-peacekeeping-troops-withdrawal-wagner-7ca9a579f3aafc75c834da1a3bf00047
1123501431,20230829,202308,2023,2023.6548,MLIGOV,MALI,MLI,,,,,GOV,,,MLI,MALI,MLI,,,,,,,,0,12,12,1,1,-0.4,6,3,6,-3.94049362353691,4,"Goundam, Tombouctou, Mali",ML,ML08,19417,16.4145,-3.67075,-1068391,4,"Goundam, Tombouctou, Mali",ML,ML08,19417,16.4145,-3.67075,-1068391,4,"Goundam, Tombouctou, Mali",ML,ML08,19417.0,16.4145,-3.67075,-1068391,20230829003000,https://apnews.com/article/mali-un-peacekeeping-troops-withdrawal-wagner-7ca9a579f3aafc75c834da1a3bf00047
1123501432,20230829,202308,2023,2023.6548,MLIGOV,MALI,MLI,,,,,GOV,,,MLI,MALI,MLI,,,,,,,,0,43,43,4,1,2.8,6,3,6,-3.94049362353691,4,"Goundam, Tombouctou, Mali",ML,ML08,19417,16.4145,-3.67075,-1068391,4,"Goundam, Tombouctou, Mali",ML,ML08,19417,16.4145,-3.67075,-1068391,4,"Goundam, Tombouctou, Mali",ML,ML08,19417.0,16.4145,-3.67075,-1068391,20230829003000,https://apnews.com/article/mali-un-peacekeeping-troops-withdrawal-wagner-7ca9a579f3aafc75c834da1a3bf00047
1123501558,20230829,202308,2023,2023.6548,RUS,RUSSIA,RUS,,,,,,,,IGOUNOGOV,THE UN,,UNO,,,,IGO,GOV,,1,13,13,1,1,0.4,5,1,5,-2.31788079470198,1,Russia,RS,RS,,60.0,100.0,RS,1,Mali,ML,ML,,17.0,-4.0,ML,1,Mali,ML,ML,,17.0,-4.0,ML,20230829003000,https://www.thesundaily.my/world/after-wagner-chief-s-death-russia-vows-to-keep-helping-mali-LG11422900
1123501632,20230829,202308,2023,2023.6548,UIS,THE INTERNATIONAL COMMUNITY,,,,,,UIS,,,CVL,CIVILIAN,,,,,,CVL,,,0,70,70,7,2,7.0,3,3,3,-3.94049362353691,4,"Goundam, Tombouctou, Mali",ML,ML08,19417,16.4145,-3.67075,-1068391,4,"Tessalit, Kidal, Mali",ML,ML10,19385,20.1986,1.01139,-1075426,4,"Tessalit, Kidal, Mali",ML,ML10,19385.0,20.1986,1.01139,-1075426,20230829003000,https://apnews.com/article/mali-un-peacekeeping-troops-withdrawal-wagner-7ca9a579f3aafc75c834da1a3bf00047
1123501634,20230829,202308,2023,2023.6548,UIS,THE INTERNATIONAL COMMUNITY,,,,,,UIS,,,CVL,CIVILIAN,,,,,,CVL,,,0,70,70,7,2,7.0,5,1,5,-2.31788079470198,1,Mali,ML,ML,,17.0,-4.0,ML,1,Mali,ML,ML,,17.0,-4.0,ML,1,Mali,ML,ML,,17.0,-4.0,ML,20230829003000,https://www.thesundaily.my/world/after-wagner-chief-s-death-russia-vows-to-keep-helping-mali-LG11422900
1118700018,20230803,202308,2023,2023.5836,NER,NIGER,NER,,,,,,,,,,,,,,,,,,0,70,70,7,2,7.0,3,1,3,-4.04984423676013,1,Niger,NG,NG,,16.0,8.0,NG,0,,,,,,,,1,Niger,NG,NG,,16.0,8.0,NG,20230803003000,https://www.cnn.com/2023/08/02/africa/niger-coup-mali-wagner-intl-afr/
1118700041,20230803,202308,2023,2023.5836,NERINS,NIGER,NER,,,,,INS,,,MLIGOV,MALI,MLI,,,,,GOV,,,1,40,40,4,1,1.0,10,1,10,-4.04984423676013,1,Niger,NG,NG,,16.0,8.0,NG,1,Niger,NG,NG,,16.0,8.0,NG,1,Niger,NG,NG,,16.0,8.0,NG,20230803003000,https://www.cnn.com/2023/08/02/africa/niger-coup-mali-wagner-intl-afr/
1119262370,20230806,202308,2023,2023.5918,CVL,RESIDENTS,,,,,,CVL,,,GOV,JUNTA,,,,,,GOV,,,0,120,120,12,3,-4.0,2,1,2,-3.44827586206897,4,"Niamey, Niamey, Niger",NG,NG08,22581,13.5167,2.11667,-1084956,4,"Niamey, Niamey, Niger",NG,NG08,22581,13.5167,2.11667,-1084956,4,"Niamey, Niamey, Niger",NG,NG08,22581.0,13.5167,2.11667,-1084956,20230806003000,https://www.santafenewmexican.com/ap/international/niger-s-junta-asks-for-help-from-russian-group-wagner-as-it-faces-military-intervention/article_a1ea4dba-1dfa-5632-8c74-0eb94ab194ce.html
1119262393,20230806,202308,2023,2023.5918,DZA,ALGERIA,DZA,,,,,,,,IGOWAFBUSWAS,ECOWAS,WAF,WAS,,,,IGO,BUS,,0,110,110,11,3,-2.0,4,1,4,-3.44827586206897,1,Algeria,AG,AG,,28.0,3.0,AG,4,"Niamey, Niamey, Niger",NG,NG08,22581,13.5167,2.11667,-1084956,4,"Niamey, Niamey, Niger",NG,NG08,22581.0,13.5167,2.11667,-1084956,20230806003000,https://www.santafenewmexican.com/ap/international/niger-s-junta-asks-for-help-from-russian-group-wagner-as-it-faces-military-intervention/article_a1ea4dba-1dfa-5632-8c74-0eb94ab194ce.html
1119262414,20230806,202308,2023,2023.5918,FRA,FRENCH,FRA,,,,,,,,FRAGOV,FRANCE,FRA,,,,,GOV,,,1,40,40,4,1,1.0,2,1,2,-3.44827586206897,4,"Niamey, Niamey, Niger",NG,NG08,22581,13.5167,2.11667,-1084956,4,"Niamey, Niamey, Niger",NG,NG08,22581,13.5167,2.11667,-1084956,4,"Niamey, Niamey, Niger",NG,NG08,22581.0,13.5167,2.11667,-1084956,20230806003000,https://www.santafenewmexican.com/ap/international/niger-s-junta-asks-for-help-from-russian-group-wagner-as-it-faces-military-intervention/article_a1ea4dba-1dfa-5632-8c74-0eb94ab194ce.html
1119262417,20230806,202308,2023,2023.5918,FRAGOV,FRENCH,FRA,,,,,GOV,,,FRA,FRANCE,FRA,,,,,,,,1,40,40,4,1,1.0,3,1,3,-3.44827586206897,4,"Niamey, Niamey, Niger",NG,NG08,22581,13.5167,2.11667,-1084956,4,"Niamey, Niamey, Niger",NG,NG08,22581,13.5167,2.11667,-1084956,4,"Niamey, Niamey, Niger",NG,NG08,22581.0,13.5167,2.11667,-1084956,20230806003000,https://www.santafenewmexican.com/ap/international/niger-s-junta-asks-for-help-from-russian-group-wagner-as-it-faces-military-intervention/article_a1ea4dba-1dfa-5632-8c74-0eb94ab194ce.html
1119262464,20230806,202308,2023,2023.5918,GOV,JUNTA,,,,,,GOV,,,FRA,FRANCE,FRA,,,,,,,,0,120,120,12,3,-4.0,2,1,2,-3.44827586206897,4,"Niamey, Niamey, Niger",NG,NG08,22581,13.5167,2.11667,-1084956,4,"Niamey, Niamey, Niger",NG,NG08,22581,13.5167,2.11667,-1084956,4,"Niamey, Niamey, Niger",NG,NG08,22581.0,13.5167,2.11667,-1084956,20230806003000,https://www.santafenewmexican.com/ap/international/niger-s-junta-asks-for-help-from-russian-group-wagner-as-it-faces-military-intervention/article_a1ea4dba-1dfa-5632-8c74-0eb94ab194ce.html
1119262528,20230806,202308,2023,2023.5918,IGOWAFBUSWAS,ECOWAS,WAF,WAS,,,,IGO,BUS,,NER,NIGER,NER,,,,,,,,0,50,50,5,1,3.5,4,1,4,-3.44827586206897,1,Nigeria,NI,NI,,10.0,8.0,NI,4,"Niamey, Niamey, Niger",NG,NG08,22581,13.5167,2.11667,-1084956,4,"Niamey, Niamey, Niger",NG,NG08,22581.0,13.5167,2.11667,-1084956,20230806003000,https://www.santafenewmexican.com/ap/international/niger-s-junta-asks-for-help-from-russian-group-wagner-as-it-faces-military-intervention/article_a1ea4dba-1dfa-5632-8c74-0eb94ab194ce.html
1119262636,20230806,202308,2023,2023.5918,LEG,LEGISLATOR,,,,,,LEG,,,GOV,PRESIDENT,,,,,,GOV,,,0,14,14,1,1,0.0,1,1,1,-3.44827586206897,4,"Niamey, Niamey, Niger",NG,NG08,22581,13.5167,2.11667,-1084956,4,"Niamey, Niamey, Niger",NG,NG08,22581,13.5167,2.11667,-1084956,4,"Niamey, Niamey, Niger",NG,NG08,22581.0,13.5167,2.11667,-1084956,20230806003000,https://www.santafenewmexican.com/ap/international/niger-s-junta-asks-for-help-from-russian-group-wagner-as-it-faces-military-intervention/article_a1ea4dba-1dfa-5632-8c74-0eb94ab194ce.html
1119262640,20230806,202308,2023,2023.5918,LEG,LEGISLATOR,,,,,,LEG,,,IGOWAFBUSWAS,ECOWAS,WAF,WAS,,,,IGO,BUS,,0,20,20,2,1,3.0,1,1,1,-3.44827586206897,4,"Niamey, Niamey, Niger",NG,NG08,22581,13.5167,2.11667,-1084956,1,Nigeria,NI,NI,,10.0,8.0,NI,4,"Niamey, Niamey, Niger",NG,NG08,22581.0,13.5167,2.11667,-1084956,20230806003000,https://www.santafenewmexican.com/ap/international/niger-s-junta-asks-for-help-from-russian-group-wagner-as-it-faces-military-intervention/article_a1ea4dba-1dfa-5632-8c74-0eb94ab194ce.html
1119262666,20230806,202308,2023,2023.5918,MLI,MALI,MLI,,,,,,,,USAMED,THE ASSOCIATED PRESS,USA,,,,,MED,,,1,13,13,1,1,0.4,3,1,3,-3.44827586206897,4,"Niamey, Niamey, Niger",NG,NG08,22581,13.5167,2.11667,-1084956,4,"Niamey, Niamey, Niger",NG,NG08,22581,13.5167,2.11667,-1084956,4,"Niamey, Niamey, Niger",NG,NG08,22581.0,13.5167,2.11667,-1084956,20230806003000,https://www.santafenewmexican.com/ap/international/niger-s-junta-asks-for-help-from-russian-group-wagner-as-it-faces-military-intervention/article_a1ea4dba-1dfa-5632-8c74-0eb94ab194ce.html
1119262675,20230806,202308,2023,2023.5918,NERGOV,NIGER,NER,,,,,GOV,,,RUS,RUSSIAN,RUS,,,,,,,,1,20,20,2,1,3.0,2,1,2,-3.44827586206897,4,"Niamey, Niamey, Niger",NG,NG08,22581,13.5167,2.11667,-1084956,4,"Niamey, Niamey, Niger",NG,NG08,22581,13.5167,2.11667,-1084956,4,"Niamey, Niamey, Niger",NG,NG08,22581.0,13.5167,2.11667,-1084956,20230806003000,https://www.santafenewmexican.com/ap/international/niger-s-junta-asks-for-help-from-russian-group-wagner-as-it-faces-military-intervention/article_a1ea4dba-1dfa-5632-8c74-0eb94ab194ce.html
1121832174,20230721,202307,2023,2023.5507,FRA,FRANCE,FRA,,,,,,,,GOV,PRESIDENT,,,,,,GOV,,,1,173,173,17,4,-5.0,1,1,1,-1.31004366812227,4,"Paris, France (general), France",FR,FR00,16282,48.8667,2.33333,-1456928,4,"Niamey, Niamey, Niger",NG,NG08,22581,13.5167,2.11667,-1084956,4,"Niamey, Niamey, Niger",NG,NG08,22581.0,13.5167,2.11667,-1084956,20230820003000,https://www.newyorkstatesman.com/news/273937365/niger-wont-work-with-wagner-group-pm
1121832175,20230721,202307,2023,2023.5507,FRA,FRANCE,FRA,,,,,,,,NER,NIGER,NER,,,,,,,,1,173,173,17,4,-5.0,3,1,3,-1.31004366812227,4,"Paris, France (general), France",FR,FR00,16282,48.8667,2.33333,-1456928,4,"Niamey, Niamey, Niger",NG,NG08,22581,13.5167,2.11667,-1084956,4,"Niamey, Niamey, Niger",NG,NG08,22581.0,13.5167,2.11667,-1084956,20230820003000,https://www.newyorkstatesman.com/news/273937365/niger-wont-work-with-wagner-group-pm
1121832501,20230820,202308,2023,2023.6301,CVL,CIVILIAN,,,,,,CVL,,,USA,NEW YORK,USA,,,,,,,,1,13,13,1,1,0.4,10,1,10,-1.31004366812227,4,"Niamey, Niamey, Niger",NG,NG08,22581,13.5167,2.11667,-1084956,4,"Niamey, Niamey, Niger",NG,NG08,22581,13.5167,2.11667,-1084956,4,"Niamey, Niamey, Niger",NG,NG08,22581.0,13.5167,2.11667,-1084956,20230820003000,https://www.newyorkstatesman.com/news/273937365/niger-wont-work-with-wagner-group-pm
1121832556,20230820,202308,2023,2023.6301,FRA,FRANCE,FRA,,,,,,,,IGOWAFBUSWAS,ECOWAS,WAF,WAS,,,,IGO,BUS,,0,50,50,5,1,3.5,2,1,2,-1.31004366812227,4,"Niamey, Niamey, Niger",NG,NG08,22581,13.5167,2.11667,-1084956,4,"Niamey, Niamey, Niger",NG,NG08,22581,13.5167,2.11667,-1084956,4,"Niamey, Niamey, Niger",NG,NG08,22581.0,13.5167,2.11667,-1084956,20230820003000,https://www.newyorkstatesman.com/news/273937365/niger-wont-work-with-wagner-group-pm
1121832558,20230820,202308,2023,2023.6301,FRA,FRANCE,FRA,,,,,,,,INS,COUP LEADER,,,,,,INS,,,0,10,10,1,1,0.0,2,1,2,-1.31004366812227,4,"Niamey, Niamey, Niger",NG,NG08,22581,13.5167,2.11667,-1084956,4,"Niamey, Niamey, Niger",NG,NG08,22581,13.5167,2.11667,-1084956,4,"Niamey, Niamey, Niger",NG,NG08,22581.0,13.5167,2.11667,-1084956,20230820003000,https://www.newyorkstatesman.com/news/273937365/niger-wont-work-with-wagner-group-pm
1121832639,20230820,202308,2023,2023.6301,GOV,PRIME MINISTER,,,,,,GOV,,,NER,NIGER,NER,,,,,,,,1,52,52,5,1,3.5,4,1,4,-1.31004366812227,4,"Niamey, Niamey, Niger",NG,NG08,22581,13.5167,2.11667,-1084956,4,"Niamey, Niamey, Niger",NG,NG08,22581,13.5167,2.11667,-1084956,4,"Niamey, Niamey, Niger",NG,NG08,22581.0,13.5167,2.11667,-1084956,20230820003000,https://www.newyorkstatesman.com/news/273937365/niger-wont-work-with-wagner-group-pm
1121832640,20230820,202308,2023,2023.6301,GOV,PRIME MINISTER,,,,,,GOV,,,NER,NIGER,NER,,,,,,,,1,60,60,6,2,6.0,4,1,4,-1.31004366812227,4,"Niamey, Niamey, Niger",NG,NG08,22581,13.5167,2.11667,-1084956,4,"Niamey, Niamey, Niger",NG,NG08,22581,13.5167,2.11667,-1084956,4,"Niamey, Niamey, Niger",NG,NG08,22581.0,13.5167,2.11667,-1084956,20230820003000,https://www.newyorkstatesman.com/news/273937365/niger-wont-work-with-wagner-group-pm
1121832716,20230820,202308,2023,2023.6301,INS,COUP LEADER,,,,,,INS,,,GOV,PRIME MINISTER,,,,,,GOV,,,1,52,52,5,1,3.5,6,1,6,-1.31004366812227,4,"Niamey, Niamey, Niger",NG,NG08,22581,13.5167,2.11667,-1084956,4,"Niamey, Niamey, Niger",NG,NG08,22581,13.5167,2.11667,-1084956,4,"Niamey, Niamey, Niger",NG,NG08,22581.0,13.5167,2.11667,-1084956,20230820003000,https://www.newyorkstatesman.com/news/273937365/niger-wont-work-with-wagner-group-pm
1121832717,20230820,202308,2023,2023.6301,INS,COUP LEADER,,,,,,INS,,,GOV,PRIME MINISTER,,,,,,GOV,,,1,60,60,6,2,6.0,4,1,4,-1.31004366812227,4,"Niamey, Niamey, Niger",NG,NG08,22581,13.5167,2.11667,-1084956,4,"Niamey, Niamey, Niger",NG,NG08,22581,13.5167,2.11667,-1084956,4,"Niamey, Niamey, Niger",NG,NG08,22581.0,13.5167,2.11667,-1084956,20230820003000,https://www.newyorkstatesman.com/news/273937365/niger-wont-work-with-wagner-group-pm
1121832904,20230820,202308,2023,2023.6301,NER,NIGER,NER,,,,,,,,NERMIL,NIGER,NER,,,,,MIL,,,0,36,36,3,1,4.0,2,1,2,-1.31004366812227,4,"Niamey, Niamey, Niger",NG,NG08,22581,13.5167,2.11667,-1084956,4,"Niamey, Niamey, Niger",NG,NG08,22581,13.5167,2.11667,-1084956,4,"Niamey, Niamey, Niger",NG,NG08,22581.0,13.5167,2.11667,-1084956,20230820003000,https://www.newyorkstatesman.com/news/273937365/niger-wont-work-with-wagner-group-pm
1121832905,20230820,202308,2023,2023.6301,NER,NIGER,NER,,,,,,,,NERMIL,NIGER,NER,,,,,MIL,,,0,36,36,3,1,4.0,2,1,2,-1.31004366812227,3,"Washington, District of Columbia, United States",US,USDC,DC001,38.8951,-77.0364,531871,4,"Niamey, Niamey, Niger",NG,NG08,22581,13.5167,2.11667,-1084956,4,"Niamey, Niamey, Niger",NG,NG08,22581.0,13.5167,2.11667,-1084956,20230820003000,https://www.newyorkstatesman.com/news/273937365/niger-wont-work-with-wagner-group-pm
1121832909,20230820,202308,2023,2023.6301,NER,NIGER,NER,,,,,,,,USA,WASHINGTON,USA,,,,,,,,0,22,22,2,1,3.2,2,1,2,-1.31004366812227,4,"Niamey, Niamey, Niger",NG,NG08,22581,13.5167,2.11667,-1084956,4,"Paris, France (general), France",FR,FR00,16282,48.8667,2.33333,-1456928,4,"Niamey, Niamey, Niger",NG,NG08,22581.0,13.5167,2.11667,-1084956,20230820003000,https://www.newyorkstatesman.com/news/273937365/niger-wont-work-with-wagner-group-pm
1121832910,20230820,202308,2023,2023.6301,NER,NIGER,NER,,,,,,,,USA,WASHINGTON,USA,,,,,,,,0,22,22,2,1,3.2,2,1,2,-1.31004366812227,4,"Niamey, Niamey, Niger",NG,NG08,22581,13.5167,2.11667,-1084956,3,"Washington, District of Columbia, United States",US,USDC,DC001,38.8951,-77.0364,531871,4,"Niamey, Niamey, Niger",NG,NG08,22581.0,13.5167,2.11667,-1084956,20230820003000,https://www.newyorkstatesman.com/news/273937365/niger-wont-work-with-wagner-group-pm
1121832911,20230820,202308,2023,2023.6301,NER,NIGER,NER,,,,,,,,USA,WASHINGTON,USA,,,,,,,,0,51,51,5,1,3.4,2,1,2,-1.31004366812227,4,"Niamey, Niamey, Niger",NG,NG08,22581,13.5167,2.11667,-1084956,4,"Niamey, Niamey, Niger",NG,NG08,22581,13.5167,2.11667,-1084956,4,"Niamey, Niamey, Niger",NG,NG08,22581.0,13.5167,2.11667,-1084956,20230820003000,https://www.newyorkstatesman.com/news/273937365/niger-wont-work-with-wagner-group-pm
1123300005,20230828,202308,2023,2023.6521,GBR,LONDON,GBR,,,,,,,,RUS,RUSSIAN,RUS,,,,,,,,0,112,112,11,3,-2.0,1,1,1,-7.84671532846715,4,"Moscow, Moskva, Russia",RS,RS48,25106,55.7522,37.6156,-2960561,1,Niger,NG,NG,,16.0,8.0,NG,1,Niger,NG,NG,,16.0,8.0,NG,20230828003000,https://www.breitbart.com:443/europe/2023/08/27/wagner-warlord-prigozhin-confirmed-dead-in-crash-with-genetic-testing/
1123300007,20230828,202308,2023,2023.6521,GBR,LONDON,GBR,,,,,,,,RUSMIL,RUSSIAN,RUS,,,,,MIL,,,0,112,112,11,3,-2.0,3,1,3,-7.84671532846715,1,Belarus,BO,BO,,53.0,28.0,BO,1,Niger,NG,NG,,16.0,8.0,NG,1,Niger,NG,NG,,16.0,8.0,NG,20230828003000,https://www.breitbart.com:443/europe/2023/08/27/wagner-warlord-prigozhin-confirmed-dead-in-crash-with-genetic-testing/
1123300571,20230828,202308,2023,2023.6521,RUSMIL,RUSSIA,RUS,,,,,MIL,,,RUS,RUSSIA,RUS,,,,,,,,0,193,193,19,4,-10.0,1,1,1,-7.84671532846715,1,Niger,NG,NG,,16.0,8.0,NG,1,Niger,NG,NG,,16.0,8.0,NG,1,Niger,NG,NG,,16.0,8.0,NG,20230828003000,https://www.breitbart.com:443/europe/2023/08/27/wagner-warlord-prigozhin-confirmed-dead-in-crash-with-genetic-testing/
1119262529,20230806,202308,2023,2023.5918,IGOWAFBUSWAS,ECOWAS,WAF,WAS,,,,IGO,BUS,,NER,NIGER,NER,,,,,,,,0,50,50,5,1,3.5,1,1,1,-3.44827586206897,1,Nigeria,NI,NI,,10.0,8.0,NI,4,"Niamey, Niamey, Niger",NG,NG08,22581,13.5167,2.11667,-1084956,1,Nigeria,NI,NI,,10.0,8.0,NI,20230806003000,https://www.santafenewmexican.com/ap/international/niger-s-junta-asks-for-help-from-russian-group-wagner-as-it-faces-military-intervention/article_a1ea4dba-1dfa-5632-8c74-0eb94ab194ce.html
1119262637,20230806,202308,2023,2023.5918,LEG,LEGISLATOR,,,,,,LEG,,,GOV,PRESIDENT,,,,,,GOV,,,0,14,14,1,1,0.0,4,1,4,-3.44827586206897,1,Nigeria,NI,NI,,10.0,8.0,NI,1,Nigeria,NI,NI,,10.0,8.0,NI,1,Nigeria,NI,NI,,10.0,8.0,NI,20230806003000,https://www.santafenewmexican.com/ap/international/niger-s-junta-asks-for-help-from-russian-group-wagner-as-it-faces-military-intervention/article_a1ea4dba-1dfa-5632-8c74-0eb94ab194ce.html
1119262638,20230806,202308,2023,2023.5918,LEG,LEGISLATOR,,,,,,LEG,,,IGOWAFBUSWAS,ECOWAS,WAF,WAS,,,,IGO,BUS,,0,10,10,1,1,0.0,1,1,1,-3.44827586206897,4,"Niamey, Niamey, Niger",NG,NG08,22581,13.5167,2.11667,-1084956,1,Nigeria,NI,NI,,10.0,8.0,NI,1,Nigeria,NI,NI,,10.0,8.0,NI,20230806003000,https://www.santafenewmexican.com/ap/international/niger-s-junta-asks-for-help-from-russian-group-wagner-as-it-faces-military-intervention/article_a1ea4dba-1dfa-5632-8c74-0eb94ab194ce.html
1119262639,20230806,202308,2023,2023.5918,LEG,LEGISLATOR,,,,,,LEG,,,IGOWAFBUSWAS,ECOWAS,WAF,WAS,,,,IGO,BUS,,0,10,10,1,1,0.0,4,1,4,-3.44827586206897,1,Nigeria,NI,NI,,10.0,8.0,NI,1,Nigeria,NI,NI,,10.0,8.0,NI,1,Nigeria,NI,NI,,10.0,8.0,NI,20230806003000,https://www.santafenewmexican.com/ap/international/niger-s-junta-asks-for-help-from-russian-group-wagner-as-it-faces-military-intervention/article_a1ea4dba-1dfa-5632-8c74-0eb94ab194ce.html
1119262641,20230806,202308,2023,2023.5918,LEG,LEGISLATOR,,,,,,LEG,,,IGOWAFBUSWAS,ECOWAS,WAF,WAS,,,,IGO,BUS,,0,20,20,2,1,3.0,4,1,4,-3.44827586206897,1,Nigeria,NI,NI,,10.0,8.0,NI,1,Nigeria,NI,NI,,10.0,8.0,NI,1,Nigeria,NI,NI,,10.0,8.0,NI,20230806003000,https://www.santafenewmexican.com/ap/international/niger-s-junta-asks-for-help-from-russian-group-wagner-as-it-faces-military-intervention/article_a1ea4dba-1dfa-5632-8c74-0eb94ab194ce.html
1116904749,20230718,202307,2023,2023.5425,AFR,AFRICA,AFR,,,,,,,,IGOJUDICC,INTERNATIONAL CRIMINAL COURT,,ICC,,,,IGO,JUD,,0,36,36,3,1,4.0,5,1,5,-0.96491228070175,4,"Cape Town, Western Cape, South Africa",SF,SF11,77317,-33.9167,18.4167,-1217214,1,Ukraine,UP,UP,,49.0,32.0,UP,4,"Cape Town, Western Cape, South Africa",SF,SF11,77317.0,-33.9167,18.4167,-1217214,20230725003000,https://www.sent-trib.com/2023/07/24/russia-wants-allies-so-it-is-hosting-an-africa-summit-food-security-and-wagner-are-key-questions/
1116904750,20230718,202307,2023,2023.5425,AFR,AFRICA,AFR,,,,,,,,IGOJUDICC,INTERNATIONAL CRIMINAL COURT,,ICC,,,,IGO,JUD,,0,40,40,4,1,1.0,5,1,5,-0.96491228070175,4,"Cape Town, Western Cape, South Africa",SF,SF11,77317,-33.9167,18.4167,-1217214,1,Ukraine,UP,UP,,49.0,32.0,UP,4,"Cape Town, Western Cape, South Africa",SF,SF11,77317.0,-33.9167,18.4167,-1217214,20230725003000,https://www.sent-trib.com/2023/07/24/russia-wants-allies-so-it-is-hosting-an-africa-summit-food-security-and-wagner-are-key-questions/
1116904751,20230718,202307,2023,2023.5425,AFR,AFRICA,AFR,,,,,,,,IGOJUDICC,INTERNATIONAL CRIMINAL COURT,,ICC,,,,IGO,JUD,,0,173,173,17,4,-5.0,5,1,5,-0.96491228070175,4,"Cape Town, Western Cape, South Africa",SF,SF11,77317,-33.9167,18.4167,-1217214,1,Ukraine,UP,UP,,49.0,32.0,UP,4,"Cape Town, Western Cape, South Africa",SF,SF11,77317.0,-33.9167,18.4167,-1217214,20230725003000,https://www.sent-trib.com/2023/07/24/russia-wants-allies-so-it-is-hosting-an-africa-summit-food-security-and-wagner-are-key-questions/
1116904766,20230718,202307,2023,2023.5425,IGOJUDICC,INTERNATIONAL CRIMINAL COURT,,ICC,,,,IGO,JUD,,AFR,AFRICA,AFR,,,,,,,,0,36,36,3,1,4.0,5,1,5,-0.96491228070175,1,Ukraine,UP,UP,,49.0,32.0,UP,4,"Cape Town, Western Cape, South Africa",SF,SF11,77317,-33.9167,18.4167,-1217214,4,"Cape Town, Western Cape, South Africa",SF,SF11,77317.0,-33.9167,18.4167,-1217214,20230725003000,https://www.sent-trib.com/2023/07/24/russia-wants-allies-so-it-is-hosting-an-africa-summit-food-security-and-wagner-are-key-questions/
1116905104,20230725,202307,2023,2023.5616,AFR,AFRICA,AFR,,,,,,,,,,,,,,,,,,0,70,70,7,2,7.0,4,1,4,-0.96491228070175,4,"Cape Town, Western Cape, South Africa",SF,SF11,77317,-33.9167,18.4167,-1217214,0,,,,,,,,4,"Cape Town, Western Cape, South Africa",SF,SF11,77317.0,-33.9167,18.4167,-1217214,20230725003000,https://www.sent-trib.com/2023/07/24/russia-wants-allies-so-it-is-hosting-an-africa-summit-food-security-and-wagner-are-key-questions/
1116905116,20230725,202307,2023,2023.5616,AFR,AFRICA,AFR,,,,,,,,RUS,MOSCOW,RUS,,,,,,,,0,40,40,4,1,1.0,6,1,6,-0.96491228070175,4,"Cape Town, Western Cape, South Africa",SF,SF11,77317,-33.9167,18.4167,-1217214,4,"Moscow, Moskva, Russia",RS,RS48,25106,55.7522,37.6156,-2960561,4,"Cape Town, Western Cape, South Africa",SF,SF11,77317.0,-33.9167,18.4167,-1217214,20230725003000,https://www.sent-trib.com/2023/07/24/russia-wants-allies-so-it-is-hosting-an-africa-summit-food-security-and-wagner-are-key-questions/
1116905118,20230725,202307,2023,2023.5616,AFR,AFRICA,AFR,,,,,,,,RUS,RUSSIA,RUS,,,,,,,,0,40,40,4,1,1.0,2,1,2,-0.96491228070175,1,Ukraine,UP,UP,,49.0,32.0,UP,4,"Moscow, Moskva, Russia",RS,RS48,25106,55.7522,37.6156,-2960561,4,"Cape Town, Western Cape, South Africa",SF,SF11,77317.0,-33.9167,18.4167,-1217214,20230725003000,https://www.sent-trib.com/2023/07/24/russia-wants-allies-so-it-is-hosting-an-africa-summit-food-security-and-wagner-are-key-questions/
1116905126,20230725,202307,2023,2023.5616,AFR,AFRICA,AFR,,,,,,,,ZAF,CAPE TOWN,ZAF,,,,,,,,0,70,70,7,2,7.0,2,1,2,-0.96491228070175,4,"Cape Town, Western Cape, South Africa",SF,SF11,77317,-33.9167,18.4167,-1217214,4,"Cape Town, Western Cape, South Africa",SF,SF11,77317,-33.9167,18.4167,-1217214,4,"Cape Town, Western Cape, South Africa",SF,SF11,77317.0,-33.9167,18.4167,-1217214,20230725003000,https://www.sent-trib.com/2023/07/24/russia-wants-allies-so-it-is-hosting-an-africa-summit-food-security-and-wagner-are-key-questions/
1116907287,20230725,202307,2023,2023.5616,ZAF,CAPE TOWN,ZAF,,,,,,,,,,,,,,,,,,0,70,70,7,2,7.0,1,1,1,-0.96491228070175,4,"Cape Town, Western Cape, South Africa",SF,SF11,77317,-33.9167,18.4167,-1217214,0,,,,,,,,4,"Cape Town, Western Cape, South Africa",SF,SF11,77317.0,-33.9167,18.4167,-1217214,20230725003000,https://www.sent-trib.com/2023/07/24/russia-wants-allies-so-it-is-hosting-an-africa-summit-food-security-and-wagner-are-key-questions/
1116907288,20230725,202307,2023,2023.5616,ZAF,CAPE TOWN,ZAF,,,,,,,,AFR,AFRICA,AFR,,,,,,,,0,70,70,7,2,7.0,1,1,1,-0.96491228070175,4,"Cape Town, Western Cape, South Africa",SF,SF11,77317,-33.9167,18.4167,-1217214,4,"Cape Town, Western Cape, South Africa",SF,SF11,77317,-33.9167,18.4167,-1217214,4,"Cape Town, Western Cape, South Africa",SF,SF11,77317.0,-33.9167,18.4167,-1217214,20230725003000,https://www.sent-trib.com/2023/07/24/russia-wants-allies-so-it-is-hosting-an-africa-summit-food-security-and-wagner-are-key-questions/
1111372166,20230627,202306,2023,2023.4849,MLIMIL,MALIAN,MLI,,,,,MIL,,,CVL,CIVILIAN,,,,,,CVL,,,1,190,190,19,4,-10.0,3,1,3,-6.65983606557377,4,"Darfur, Gharb Darfur, Sudan",SU,SU47,37140,13.5,23.5,-17505,4,"Darfur, Gharb Darfur, Sudan",SU,SU47,37140,13.5,23.5,-17505,4,"Darfur, Gharb Darfur, Sudan",SU,SU47,37140.0,13.5,23.5,-17505,20230627003000,https://www.eurasiareview.com/27062023-cause-for-celebration-in-states-that-suffered-wagners-brutality-oped/
1111372420,20230627,202306,2023,2023.4849,SDN,SUDAN,SDN,,,,,,,,MIL,PARAMILITARY,,,,,,MIL,,,1,51,51,5,1,3.4,3,1,3,-6.65983606557377,4,"Darfur, Gharb Darfur, Sudan",SU,SU47,37140,13.5,23.5,-17505,4,"Darfur, Gharb Darfur, Sudan",SU,SU47,37140,13.5,23.5,-17505,4,"Darfur, Gharb Darfur, Sudan",SU,SU47,37140.0,13.5,23.5,-17505,20230627003000,https://www.eurasiareview.com/27062023-cause-for-celebration-in-states-that-suffered-wagners-brutality-oped/
1111595818,20230628,202306,2023,2023.4877,,,,,,,,,,,AFR,AFRICA,AFR,,,,,,,,0,80,80,8,2,5.0,10,1,10,-1.76643768400393,0,,,,,,,,1,Sudan,SU,SU,,16.0,30.0,SU,1,Sudan,SU,SU,,16.0,30.0,SU,20230628003000,https://www.economist.com/middle-east-and-africa/2023/06/27/what-next-for-wagners-african-empire
1111595981,20230628,202306,2023,2023.4877,,,,,,,,,,,SDN,SUDAN,SDN,,,,,,,,0,163,163,16,4,-8.0,10,1,10,-1.76643768400393,0,,,,,,,,1,Sudan,SU,SU,,16.0,30.0,SU,1,Sudan,SU,SU,,16.0,30.0,SU,20230628003000,https://www.economist.com/middle-east-and-africa/2023/06/27/what-next-for-wagners-african-empire
1111822680,20230629,202306,2023,2023.4904,SYR,SYRIA,SYR,,,,,,,,RUS,RUSSIA,RUS,,,,,,,,0,72,72,7,2,8.3,2,1,2,-2.30473751600512,4,"Meroe, Nahr an Nil, Sudan",SU,SU53,37075,16.9383,33.7472,-11177,4,"Meroe, Nahr an Nil, Sudan",SU,SU53,37075,16.9383,33.7472,-11177,4,"Meroe, Nahr an Nil, Sudan",SU,SU53,37075.0,16.9383,33.7472,-11177,20230629003000,https://www.al-monitor.com/originals/2023/06/uae-sudan-us-targets-mideast-entities-wagner-ties
1127708532,20230919,202309,2023,2023.7096,MIL,COMMANDER,,,,,,MIL,,,USAMED,WALL STREET JOURNAL,USA,,,,,MED,,,0,40,40,4,1,1.0,6,1,6,-4.82866043613707,1,Sudan,SU,SU,,16.0,30.0,SU,1,Sudan,SU,SU,,16.0,30.0,SU,1,Sudan,SU,SU,,16.0,30.0,SU,20230919003000,https://themedialine.org/news/future-of-paramilitary-wagner-group-unclear-after-leaders-death/
1127708751,20230919,202309,2023,2023.7096,RUS,RUSSIA,RUS,,,,,,,,,,,,,,,,,,0,15,15,1,1,0.0,2,1,2,-4.82866043613707,1,Sudan,SU,SU,,16.0,30.0,SU,0,,,,,,,,1,Sudan,SU,SU,,16.0,30.0,SU,20230919003000,https://themedialine.org/news/future-of-paramilitary-wagner-group-unclear-after-leaders-death/
1127708783,20230919,202309,2023,2023.7096,RUS,MOSCOW,RUS,,,,,,,,UAF,MILITIA,,,,,,UAF,,,0,51,51,5,1,3.4,6,1,6,-4.82866043613707,1,Sudan,SU,SU,,16.0,30.0,SU,1,Sudan,SU,SU,,16.0,30.0,SU,1,Sudan,SU,SU,,16.0,30.0,SU,20230919003000,https://themedialine.org/news/future-of-paramilitary-wagner-group-unclear-after-leaders-death/
1127709516,20230919,202309,2023,2023.7096,USAMED,WALL STREET JOURNAL,USA,,,,,MED,,,MIL,COMMANDER,,,,,,MIL,,,0,40,40,4,1,1.0,6,1,6,-4.82866043613707,1,Sudan,SU,SU,,16.0,30.0,SU,1,Sudan,SU,SU,,16.0,30.0,SU,1,Sudan,SU,SU,,16.0,30.0,SU,20230919003000,https://themedialine.org/news/future-of-paramilitary-wagner-group-unclear-after-leaders-death/
1116906634,20230725,202307,2023,2023.5616,UGA,UGANDA,UGA,,,,,,,,RUS,RUSSIA,RUS,,,,,,,,0,14,14,1,1,0.0,1,1,1,-0.96491228070175,1,Uganda,UG,UG,,2.0,33.0,UG,1,Uganda,UG,UG,,2.0,33.0,UG,1,Uganda,UG,UG,,2.0,33.0,UG,20230725003000,https://www.sent-trib.com/2023/07/24/russia-wants-allies-so-it-is-hosting-an-africa-summit-food-security-and-wagner-are-key-questions/
1116907075,20230725,202307,2023,2023.5616,USA,WASHINGTON,USA,,,,,,,,UGA,UGANDA,UGA,,,,,,,,0,111,111,11,3,-2.0,6,1,6,-0.96491228070175,3,"Washington, District of Columbia, United States",US,USDC,DC001,38.8951,-77.0364,531871,1,Uganda,UG,UG,,2.0,33.0,UG,1,Uganda,UG,UG,,2.0,33.0,UG,20230725003000,https://www.sent-trib.com/2023/07/24/russia-wants-allies-so-it-is-hosting-an-africa-summit-food-security-and-wagner-are-key-questions/
1116907076,20230725,202307,2023,2023.5616,USA,WASHINGTON,USA,,,,,,,,UGA,UGANDA,UGA,,,,,,,,0,111,111,11,3,-2.0,4,1,4,-0.96491228070175,1,Uganda,UG,UG,,2.0,33.0,UG,1,Uganda,UG,UG,,2.0,33.0,UG,1,Uganda,UG,UG,,2.0,33.0,UG,20230725003000,https://www.sent-trib.com/2023/07/24/russia-wants-allies-so-it-is-hosting-an-africa-summit-food-security-and-wagner-are-key-questions/
